INSERT OR IGNORE INTO flights (
  flight_id,
  station_id,
  flight_no,
  flight_date,
  origin_code,
  destination_code,
  eta_at,
  actual_landed_at,
  runtime_status,
  service_level,
  notes
) VALUES
  (
    'FLIGHT-SE803-2026-04-08-MME',
    'MME',
    'SE803',
    '2026-04-08',
    'YYZ',
    'MME',
    '2026-04-08T19:05:00Z',
    '2026-04-08T19:02:00Z',
    'Landed',
    'P1',
    'MME inbound sample flight'
  ),
  (
    'FLIGHT-SE681-2026-04-08-MME',
    'MME',
    'SE681',
    '2026-04-08',
    'YYZ',
    'MME',
    '2026-04-08T19:20:00Z',
    '2026-04-08T19:18:00Z',
    'Landed',
    'P2',
    'MME secondary inbound sample flight'
  ),
  (
    'FLIGHT-URO901-2026-04-08-MME',
    'MME',
    'URO901',
    '2026-04-08',
    'IST',
    'MME',
    '2026-04-08T20:10:00Z',
    '2026-04-08T20:06:00Z',
    'Landed',
    'P1',
    'MME late inbound sample flight'
  );

INSERT OR IGNORE INTO shipments (
  shipment_id,
  station_id,
  shipment_type,
  current_node,
  fulfillment_status,
  promise_sla,
  service_level,
  total_pieces,
  total_weight
) VALUES
  ('SHIP-IN-436-10358585', 'MME', 'import', 'Inbound Handling', 'Inbound Handling', '48h', 'P1', 50, 700),
  ('SHIP-IN-436-10354363', 'MME', 'transfer', 'Inbound Handling', 'Inbound Handling', '48h', 'P1', 132, 2038),
  ('SHIP-IN-436-10359018', 'MME', 'import', 'Inbound Handling', 'Inbound Handling', '48h', 'P1', 32, 1122),
  ('SHIP-IN-436-10357944', 'MME', 'import', 'Inbound Handling', 'Inbound Handling', '72h', 'P2', 115, 2029),
  ('SHIP-IN-436-10358827', 'MME', 'transfer', 'Inbound Handling', 'Inbound Handling', '72h', 'P2', 24, 426),
  ('SHIP-IN-436-10358831', 'MME', 'transfer', 'Inbound Handling', 'Inbound Handling', '72h', 'P2', 27, 485),
  ('SHIP-IN-436-10357093', 'MME', 'transfer', 'Inbound Handling', 'Inbound Handling', '60h', 'P1', 176, 2820),
  ('SHIP-IN-436-10359166', 'MME', 'import', 'Inbound Handling', 'Inbound Handling', '60h', 'P1', 18, 352);

INSERT OR IGNORE INTO awbs (
  awb_id,
  awb_no,
  shipment_id,
  flight_id,
  station_id,
  consignee_name,
  pieces,
  gross_weight,
  current_node,
  noa_status,
  pod_status,
  transfer_status
) VALUES
  (
    'AWB-436-10358585',
    '436-10358585',
    'SHIP-IN-436-10358585',
    'FLIGHT-SE803-2026-04-08-MME',
    'MME',
    'SMDG LOGISTICS',
    50,
    700,
    'Inbound Handling',
    'Pending',
    'Pending',
    'Pending'
  ),
  (
    'AWB-436-10354363',
    '436-10354363',
    'SHIP-IN-436-10354363',
    'FLIGHT-SE803-2026-04-08-MME',
    'MME',
    'LGG Transfer',
    132,
    2038,
    'Inbound Handling',
    'Pending',
    'Pending',
    'Pending'
  ),
  (
    'AWB-436-10359018',
    '436-10359018',
    'SHIP-IN-436-10359018',
    'FLIGHT-SE803-2026-04-08-MME',
    'MME',
    'MME Hub',
    32,
    1122,
    'Inbound Handling',
    'Sent',
    'Pending',
    'Pending'
  ),
  (
    'AWB-436-10357944',
    '436-10357944',
    'SHIP-IN-436-10357944',
    'FLIGHT-SE681-2026-04-08-MME',
    'MME',
    'LUCAROM AIR',
    115,
    2029,
    'Inbound Handling',
    'Pending',
    'Pending',
    'Pending'
  ),
  (
    'AWB-436-10358827',
    '436-10358827',
    'SHIP-IN-436-10358827',
    'FLIGHT-SE681-2026-04-08-MME',
    'MME',
    'MST Hub',
    24,
    426,
    'Inbound Handling',
    'Pending',
    'Pending',
    'Pending'
  ),
  (
    'AWB-436-10358831',
    '436-10358831',
    'SHIP-IN-436-10358831',
    'FLIGHT-SE681-2026-04-08-MME',
    'MME',
    'RZE Transfer',
    27,
    485,
    'Inbound Handling',
    'Sent',
    'Pending',
    'Planned'
  ),
  (
    'AWB-436-10357093',
    '436-10357093',
    'SHIP-IN-436-10357093',
    'FLIGHT-URO901-2026-04-08-MME',
    'MME',
    'MST Hub',
    176,
    2820,
    'Inbound Handling',
    'Pending',
    'Pending',
    'Planned'
  ),
  (
    'AWB-436-10359166',
    '436-10359166',
    'SHIP-IN-436-10359166',
    'FLIGHT-URO901-2026-04-08-MME',
    'MME',
    'Birmingham Partner',
    18,
    352,
    'Inbound Handling',
    'Pending',
    'Pending',
    'Pending'
  );

INSERT OR IGNORE INTO documents (
  document_id,
  station_id,
  document_type,
  document_name,
  related_object_type,
  related_object_id,
  version_no,
  document_status,
  required_for_release,
  storage_key,
  uploaded_by,
  note
) VALUES
  (
    'DOC-CBA-SE803',
    'MME',
    'CBA',
    'SE803-CBA-v2.pdf',
    'Flight',
    'FLIGHT-SE803-2026-04-08-MME',
    'v2',
    'Uploaded',
    1,
    'station/MME/inbound/se803/cba-v2.pdf',
    'demo-docdesk',
    'Final CBA upload pending verification'
  ),
  (
    'DOC-MANIFEST-SE803',
    'MME',
    'Manifest',
    'SE803 MANIFEST 08APR.pdf',
    'Flight',
    'FLIGHT-SE803-2026-04-08-MME',
    'v1',
    'Released',
    1,
    'station/MME/inbound/se803/manifest-v1.pdf',
    'demo-docdesk',
    'Inbound manifest released for breakdown'
  );

INSERT OR IGNORE INTO tasks (
  task_id,
  station_id,
  task_type,
  execution_node,
  related_object_type,
  related_object_id,
  assigned_role,
  assigned_team_id,
  assigned_worker_id,
  task_status,
  task_sla,
  due_at,
  blocker_code,
  evidence_required
) VALUES
  (
    'TASK-0408-000',
    'MME',
    'RampRelease',
    'Destination Ramp Handling',
    'Flight',
    'FLIGHT-SE803-2026-04-08-MME',
    'inbound_operator',
    'TEAM-IN-01',
    'WORKER-PDA-001',
    'Completed',
    '20m',
    '2026-04-08T19:10:00Z',
    NULL,
    1
  ),
  (
    'TASK-0408-001',
    'MME',
    'Breakdown',
    'Inbound Handling',
    'Flight',
    'FLIGHT-SE803-2026-04-08-MME',
    'inbound_operator',
    'TEAM-IN-01',
    'WORKER-PDA-001',
    'Started',
    '30m',
    '2026-04-08T19:30:00Z',
    'HG-01',
    1
  ),
  (
    'TASK-0408-002',
    'MME',
    'InventoryCheck',
    'Inbound Handling',
    'Flight',
    'FLIGHT-SE803-2026-04-08-MME',
    'check_worker',
    'TEAM-CK-01',
    'WORKER-CK-007',
    'Assigned',
    '30m',
    '2026-04-08T19:45:00Z',
    'HG-03',
    1
  ),
  (
    'TASK-0408-101',
    'MME',
    'Breakdown',
    'Inbound Handling',
    'Flight',
    'FLIGHT-SE681-2026-04-08-MME',
    'inbound_operator',
    'TEAM-IN-01',
    'WORKER-PDA-001',
    'Assigned',
    '45m',
    '2026-04-08T19:50:00Z',
    NULL,
    1
  ),
  (
    'TASK-0408-201',
    'MME',
    'NOA',
    'Inbound Handling',
    'Flight',
    'FLIGHT-URO901-2026-04-08-MME',
    'document_desk',
    'TEAM-DD-01',
    'WORKER-DOC-001',
    'Created',
    '20m',
    '2026-04-08T20:30:00Z',
    'HG-06',
    0
  );

INSERT OR IGNORE INTO exceptions (
  exception_id,
  station_id,
  exception_type,
  related_object_type,
  related_object_id,
  linked_task_id,
  severity,
  owner_role,
  owner_team_id,
  exception_status,
  blocker_flag,
  root_cause,
  action_taken
) VALUES
  (
    'EXP-0408-001',
    'MME',
    'PiecesMismatch',
    'Flight',
    'FLIGHT-SE803-2026-04-08-MME',
    'TASK-0408-002',
    'P1',
    'check_worker',
    'TEAM-CK-01',
    'Open',
    1,
    'Pieces mismatch not verified',
    'Hold NOA until recount completed'
  );
